<?xml version="1.0"  encoding="ISO-8859-1"?>
<!-- Gegenereerd door DOV archeologie Access (versie 1.0.1 van 24/02/2017) op 03/03/2020 -->
<ns2:dov-schema-archeologie  xmlns:ns2="http://kern.schemas.dov.vlaanderen.be" version="1.0" >
    <referentieprofiel>
        <projectcode>2016B159</projectcode>
        <referentieprofielnummer>15-ALL3</referentieprofielnummer>
        <identificatie_beginpunt>I1</identificatie_beginpunt>
        <identificatie_eindpunt>I2</identificatie_eindpunt>
        <herkenningsnummer_plan>A2</herkenningsnummer_plan>
        <herkenningsnummer_foto>A1</herkenningsnummer_foto>
        <doel>landschappelijke profielputten</doel>
        <datum>2019-06-11</datum>
        <weersomstandigheden>vochtig</weersomstandigheden>
        <auteur>
            <persoon>
                <naam>Wickmayer</naam>
                <voornaam>Yanina</voornaam>
            </persoon>
        </auteur>
        <beginpunt>
            <xy>
                <x>159698.00</x>
                <y>164987.00</y>
                <betrouwbaarheid>onbekend</betrouwbaarheid>
                <methode_opmeten>methode onbekend</methode_opmeten>
                <origine_opmeten>
                    <naam>onbekend</naam>
                </origine_opmeten>
            </xy>
            <z>
                <waarde>10.60</waarde>
                <betrouwbaarheid>onbekend</betrouwbaarheid>
                <methode_opmeten>methode onbekend</methode_opmeten>
                <origine_opmeten>
                    <naam>onbekend</naam>
                </origine_opmeten>
            </z>
        </beginpunt>
        <eindpunt>
            <xy>
                <x>159789.00</x>
                <y>215978.00</y>
                <betrouwbaarheid>onbekend</betrouwbaarheid>
                <methode_opmeten>methode onbekend</methode_opmeten>
                <origine_opmeten>
                    <naam>onbekend</naam>
                </origine_opmeten>
            </xy>
            <z>
                <waarde>10.60</waarde>
                <betrouwbaarheid>onbekend</betrouwbaarheid>
                <methode_opmeten>methode onbekend</methode_opmeten>
                <origine_opmeten>
                    <naam>onbekend</naam>
                </origine_opmeten>
            </z>
        </eindpunt>
        <beschrijving>beschrijving profiel</beschrijving>
        <bodemkaart>Sfe</bodemkaart>
        <bodemclassificatie>ZZZZZ</bodemclassificatie>
        <veentype>sapric</veentype>
        <observaties>
            <landgebruik>LG</landgebruik>
            <vegetatie>Veggie</vegetatie>
            <grondwatertafel>10</grondwatertafel>
            <andere_observaties>iets anders</andere_observaties>
        </observaties>
        <foto>
            <titel>f1</titel>
            <datum>2019-06-13</datum>
            <bijlage_type>foto</bijlage_type>
            <bestand>download.jpg</bestand>
            <fotograaf>
                <persoon>
                    <naam>Doornaert</naam>
                    <voornaam>Franki</voornaam>
                </persoon>
                <organisatie>
                    <naam>C.V.G.</naam>
                </organisatie>
            </fotograaf>
        </foto>
        <aardkundige_eenheid>
            <horizontnummer>1</horizontnummer>
            <bovengrens>0</bovengrens>
            <bovengrens>5</bovengrens>
            <ondergrens>10</ondergrens>
            <ondergrens>12</ondergrens>
            <ondergrens_bereikt>true</ondergrens_bereikt>
            <vochtigheid_beschrijving>droog</vochtigheid_beschrijving>
            <naam>A1</naam>
            <beschrijving>A1</beschrijving>
            <bodemtextuur>
                <methode>handmatig</methode>
                <hoofdklasse>A - Leem</hoofdklasse>
                <klasse>Al - Lichte leem</klasse>
                <typezand>Z2 - Zeer fijn zand</typezand>
            </bodemtextuur>
            <kleur>
                <visueel>groen</visueel>
                <munsell>Y12</munsell>
            </kleur>
            <bodemstructuur>
                <gradatie>zwak</gradatie>
                <type>hoekig blokkig</type>
                <grootteklasse>grof en zeer grof</grootteklasse>
            </bodemstructuur>
            <grensduidelijkheid>abrupt</grensduidelijkheid>
            <grensregelmatigheid>golvend</grensregelmatigheid>
            <andere>xyz</andere>
            <kalkreactie>ja</kalkreactie>
        </aardkundige_eenheid>
        <aardkundige_eenheid>
            <horizontnummer>2</horizontnummer>
            <bovengrens>10</bovengrens>
            <ondergrens>60</ondergrens>
            <ondergrens_bereikt>true</ondergrens_bereikt>
            <vochtigheid_beschrijving>droog</vochtigheid_beschrijving>
            <naam>A2</naam>
            <beschrijving>A2</beschrijving>
            <bodemtextuur>
                <methode>handmatig</methode>
                <hoofdklasse>L - Zandleem</hoofdklasse>
                <klasse>L - Zandleem / zandig leem</klasse>
                <typezand>Z1 - Uiterst fijn zand</typezand>
            </bodemtextuur>
            <kleur>
                <visueel>groen</visueel>
                <munsell>10YR 4/5</munsell>
            </kleur>
            <bodemstructuur>
                <gradatie>zwak tot matig</gradatie>
                <type>notig subhoekig blokkig</type>
                <grootteklasse>middelmatig tot zeer grof</grootteklasse>
            </bodemstructuur>
            <grensduidelijkheid>abrupt</grensduidelijkheid>
            <grensregelmatigheid>golvend</grensregelmatigheid>
            <andere>nog iets anders</andere>
            <kalkreactie>ja</kalkreactie>
        </aardkundige_eenheid>
        <aardkundige_eenheid>
            <horizontnummer>3</horizontnummer>
            <bovengrens>60</bovengrens>
            <ondergrens>90</ondergrens>
            <ondergrens_bereikt>true</ondergrens_bereikt>
            <vochtigheid_beschrijving>nat</vochtigheid_beschrijving>
            <naam>B</naam>
            <beschrijving>B</beschrijving>
            <bodemtextuur>
                <methode>handmatig</methode>
                <hoofdklasse>L - Zandleem</hoofdklasse>
                <klasse>L - Zandleem / zandig leem</klasse>
                <typezand>Z3 - Fijn zand / licht zand</typezand>
            </bodemtextuur>
            <kleur>
                <visueel>geel</visueel>
                <munsell>5R 5/5</munsell>
            </kleur>
            <bodemstructuur>
                <gradatie>matig</gradatie>
                <type>hoekig en subhoekig blokkig</type>
                <grootteklasse>middelmatig</grootteklasse>
            </bodemstructuur>
            <grensduidelijkheid>duidelijk</grensduidelijkheid>
            <grensregelmatigheid>recht</grensregelmatigheid>
            <andere>fdfgdfgdfg</andere>
            <kalkreactie>nee</kalkreactie>
        </aardkundige_eenheid>
    </referentieprofiel>
    <referentieprofiel>
        <projectcode>2016B159</projectcode>
        <referentieprofielnummer>15-VERPLICHT3</referentieprofielnummer>
        <doel>opgraving</doel>
        <datum>2019-05-02</datum>
        <auteur>
            <persoon>
                <naam>Doornaart</naam>
                <voornaam>Franki</voornaam>
            </persoon>
        </auteur>
        <beginpunt>
            <xy>
                <x>171515.00</x>
                <y>201978.00</y>
                <betrouwbaarheid>onbekend</betrouwbaarheid>
                <methode_opmeten>methode onbekend</methode_opmeten>
                <origine_opmeten>
                    <naam>onbekend</naam>
                </origine_opmeten>
            </xy>
            <z>
                <waarde>10.66</waarde>
                <betrouwbaarheid>onbekend</betrouwbaarheid>
                <methode_opmeten>methode onbekend</methode_opmeten>
            </z>
        </beginpunt>
        <eindpunt>
            <xy>
                <x>171516.00</x>
                <y>201978.00</y>
                <betrouwbaarheid>onbekend</betrouwbaarheid>
                <methode_opmeten>methode onbekend</methode_opmeten>
                <origine_opmeten>
                    <naam>onbekend</naam>
                </origine_opmeten>
            </xy>
            <z>
                <waarde>10.66</waarde>
                <betrouwbaarheid>onbekend</betrouwbaarheid>
                <methode_opmeten>methode onbekend</methode_opmeten>
            </z>
        </eindpunt>
        <beschrijving>TEST 44444</beschrijving>
        <bodemkaart>m.D2</bodemkaart>
        <bodemclassificatie>OCH</bodemclassificatie>
        <foto>
            <titel>treinstoring</titel>
            <datum>2019-06-05</datum>
            <bijlage_type>foto</bijlage_type>
            <bestand>trein.png</bestand>
        </foto>
        <aardkundige_eenheid>
            <horizontnummer>1</horizontnummer>
            <bovengrens>1</bovengrens>
            <ondergrens>90</ondergrens>
            <ondergrens_bereikt>false</ondergrens_bereikt>
            <vochtigheid_beschrijving>vochtig</vochtigheid_beschrijving>
            <naam>A1</naam>
            <bodemtextuur>
                <methode>handmatig</methode>
                <hoofdklasse>A - Leem</hoofdklasse>
            </bodemtextuur>
            <kalkreactie>nee</kalkreactie>
        </aardkundige_eenheid>
    </referentieprofiel>
    <boring>
        <projectcode>2016B159</projectcode>
        <identificatie>B1-ALL3</identificatie>
        <herkenningsnummer_plan>B989</herkenningsnummer_plan>
        <herkenningsnummer_foto>B44</herkenningsnummer_foto>
        <doel>verkennend archeologisch booronderzoek</doel>
        <datum>2019-06-06</datum>
        <uitvoering>
        </uitvoering>
        <auteur>
            <persoon>
                <naam>Doornaert</naam>
                <voornaam>Franki</voornaam>
            </persoon>
            <organisatie>
                <naam>Luchthaven Kortrijk</naam>
            </organisatie>
        </auteur>
        <locatie>
            <xy>
                <x>193147.00</x>
                <y>200147.00</y>
                <betrouwbaarheid>onbekend</betrouwbaarheid>
                <methode_opmeten>uit dossier</methode_opmeten>
                <origine_opmeten>
                    <naam>onbekend</naam>
                </origine_opmeten>
            </xy>
            <z>
                <waarde>10.99</waarde>
                <betrouwbaarheid>onbekend</betrouwbaarheid>
                <methode_opmeten>uit dossier</methode_opmeten>
                <origine_opmeten>
                    <naam>onbekend</naam>
                </origine_opmeten>
            </z>
        </locatie>
        <bodemkaart>m.D3</bodemkaart>
        <bodemclassificatie>m.Dx</bodemclassificatie>
        <observaties>
            <landgebruik>dfgf</landgebruik>
            <vegetatie>hgfhsfgh</vegetatie>
            <grondwatertafel>159</grondwatertafel>
            <andere_observaties>sfghsghs</andere_observaties>
        </observaties>
        <beschrijving>TEST</beschrijving>
        <foto>
            <titel>foto 2</titel>
            <datum>2019-06-13</datum>
            <bijlage_type>foto</bijlage_type>
            <bestand>grafiek-U.png</bestand>
        </foto>
        <aardkundige_eenheid>
            <horizontnummer>1</horizontnummer>
            <bovengrens>0</bovengrens>
            <ondergrens>50</ondergrens>
            <ondergrens_bereikt>true</ondergrens_bereikt>
            <vochtigheid_beschrijving>vochtig</vochtigheid_beschrijving>
            <naam>A</naam>
            <beschrijving>A</beschrijving>
            <bodemtextuur>
                <methode>handmatig</methode>
                <hoofdklasse>U - Zware klei</hoofdklasse>
                <klasse>Ue</klasse>
                <typezand>Z4 - Matig fijn zand</typezand>
            </bodemtextuur>
            <kleur>
                <visueel>blauw</visueel>
                <munsell>YYYY</munsell>
            </kleur>
            <bodemstructuur>
                <gradatie>structuurloos</gradatie>
                <type>massief</type>
                <grootteklasse>middelmatig</grootteklasse>
            </bodemstructuur>
            <grensduidelijkheid>duidelijk</grensduidelijkheid>
            <grensregelmatigheid>onderbroken</grensregelmatigheid>
            <andere>azzazzerzarqferf</andere>
            <kalkreactie>ja</kalkreactie>
        </aardkundige_eenheid>
        <aardkundige_eenheid>
            <horizontnummer>2</horizontnummer>
            <bovengrens>50</bovengrens>
            <ondergrens>110</ondergrens>
            <ondergrens_bereikt>false</ondergrens_bereikt>
            <vochtigheid_beschrijving>nat</vochtigheid_beschrijving>
            <naam>B</naam>
            <beschrijving>B</beschrijving>
            <bodemtextuur>
                <methode>handmatig</methode>
                <hoofdklasse>L - Zandleem</hoofdklasse>
            </bodemtextuur>
            <kalkreactie>nee</kalkreactie>
        </aardkundige_eenheid>
    </boring>
    <boring>
        <projectcode>2016B159</projectcode>
        <identificatie>B1-VERPLICHT2</identificatie>
        <doel>verkennend archeologisch booronderzoek</doel>
        <datum>2019-06-05</datum>
        <uitvoering>
        </uitvoering>
        <auteur>
            <persoon>
                <naam>Doornaert</naam>
                <voornaam>Franki</voornaam>
            </persoon>
        </auteur>
        <locatie>
            <xy>
                <x>197314.00</x>
                <y>216014.00</y>
                <betrouwbaarheid>onbekend</betrouwbaarheid>
                <methode_opmeten>methode onbekend</methode_opmeten>
                <origine_opmeten>
                    <naam>onbekend</naam>
                </origine_opmeten>
            </xy>
            <z>
                <waarde>10.99</waarde>
                <betrouwbaarheid>onbekend</betrouwbaarheid>
                <methode_opmeten>methode onbekend</methode_opmeten>
            </z>
        </locatie>
        <bodemkaart>OB</bodemkaart>
        <bodemclassificatie>u-Sdf</bodemclassificatie>
        <beschrijving>TEST 87987465</beschrijving>
        <foto>
            <titel>voorstel sonderingen</titel>
            <datum>2019-06-04</datum>
            <bijlage_type>foto</bijlage_type>
            <bestand>nieuw nieuw nieuw voorstel sonderingen.png</bestand>
        </foto>
        <aardkundige_eenheid>
            <horizontnummer>1</horizontnummer>
            <bovengrens>10</bovengrens>
            <ondergrens>20</ondergrens>
            <ondergrens_bereikt>true</ondergrens_bereikt>
            <vochtigheid_beschrijving>nat</vochtigheid_beschrijving>
            <naam>B2</naam>
            <bodemtextuur>
                <methode>handmatig</methode>
                <hoofdklasse>E - Klei</hoofdklasse>
            </bodemtextuur>
            <kalkreactie>nee</kalkreactie>
        </aardkundige_eenheid>
    </boring>
</ns2:dov-schema-archeologie>
